seed,benign,candidate,actual_requester,observed_requester,uses_request_effect,score,threshold,alarm
42,False,raw_pair,5,0,True,0.9402385354042053,1.0534927928447724,False
42,False,raw_pair,5,1,True,0.7768665552139282,1.0534927928447724,False
42,False,raw_pair,5,2,True,0.6295750141143799,1.0534927928447724,False
42,False,raw_pair,5,3,True,0.6397759914398193,1.0534927928447724,False
42,False,raw_pair,5,4,True,0.9402385950088501,1.0534927928447724,False
42,False,raw_pair,5,5,True,0.9277817010879517,1.0534927928447724,False
42,False,clean_residual_pair,5,0,True,0.7814534902572632,0.968877802491188,False
42,False,clean_residual_pair,5,1,True,0.7454483509063721,0.968877802491188,False
42,False,clean_residual_pair,5,2,True,0.6280900239944458,0.968877802491188,False
42,False,clean_residual_pair,5,3,True,0.60793137550354,0.968877802491188,False
42,False,clean_residual_pair,5,4,True,0.7852890491485596,0.968877802491188,False
42,False,clean_residual_pair,5,5,True,0.7852890491485596,0.968877802491188,False
42,False,margin_pair,5,0,True,0.25463026762008667,0.3462642428278923,False
42,False,margin_pair,5,1,True,0.2711024880409241,0.3462642428278923,False
42,False,margin_pair,5,2,True,0.2711024880409241,0.3462642428278923,False
42,False,margin_pair,5,3,True,0.20106489956378937,0.3462642428278923,False
42,False,margin_pair,5,4,True,0.06696479767560959,0.3462642428278923,False
42,False,margin_pair,5,5,True,0.2473500370979309,0.3462642428278923,False
42,False,margin_bn_pair,5,0,True,0.33543941378593445,0.5804598900675774,False
42,False,margin_bn_pair,5,1,True,0.3812262713909149,0.5804598900675774,False
42,False,margin_bn_pair,5,2,True,0.39554327726364136,0.5804598900675774,False
42,False,margin_bn_pair,5,3,True,0.39554327726364136,0.5804598900675774,False
42,False,margin_bn_pair,5,4,True,0.3112777769565582,0.5804598900675774,False
42,False,margin_bn_pair,5,5,True,0.36096295714378357,0.5804598900675774,False
42,False,representation_pair,5,0,True,0.09803436696529388,0.10966391853988171,False
42,False,representation_pair,5,1,True,0.005213884636759758,0.10966391853988171,False
42,False,representation_pair,5,2,True,0.11213447898626328,0.10966391853988171,True
42,False,representation_pair,5,3,True,0.0,0.10966391853988171,False
42,False,representation_pair,5,4,True,0.0,0.10966391853988171,False
42,False,representation_pair,5,5,True,0.11213447153568268,0.10966391853988171,True
42,False,representation_bn_pair,5,0,True,0.0,1e-12,False
42,False,representation_bn_pair,5,1,True,0.0,1e-12,False
42,False,representation_bn_pair,5,2,True,0.041560061275959015,1e-12,True
42,False,representation_bn_pair,5,3,True,0.0,1e-12,False
42,False,representation_bn_pair,5,4,True,0.0,1e-12,False
42,False,representation_bn_pair,5,5,True,0.041560057550668716,1e-12,True
42,False,margin_magnitude,5,0,False,5.316650390625,4.420525388717651,True
42,False,margin_magnitude,5,1,False,5.316650390625,4.420525388717651,True
42,False,margin_magnitude,5,2,False,5.316650390625,4.420525388717651,True
42,False,margin_magnitude,5,3,False,5.316650390625,4.420525388717651,True
42,False,margin_magnitude,5,4,False,5.316650390625,4.420525388717651,True
42,False,margin_magnitude,5,5,False,5.316650390625,4.420525388717651,True
42,False,representation_magnitude,5,0,False,0.016134535893797874,0.01701650654897094,False
42,False,representation_magnitude,5,1,False,0.016134535893797874,0.01701650654897094,False
42,False,representation_magnitude,5,2,False,0.016134535893797874,0.01701650654897094,False
42,False,representation_magnitude,5,3,False,0.016134535893797874,0.01701650654897094,False
42,False,representation_magnitude,5,4,False,0.016134535893797874,0.01701650654897094,False
42,False,representation_magnitude,5,5,False,0.016134535893797874,0.01701650654897094,False
43,False,raw_pair,5,0,True,1.0735788345336914,1.0534927928447724,True
43,False,raw_pair,5,1,True,0.8155759572982788,1.0534927928447724,False
43,False,raw_pair,5,2,True,0.8155759572982788,1.0534927928447724,False
43,False,raw_pair,5,3,True,0.6650552153587341,1.0534927928447724,False
43,False,raw_pair,5,4,True,1.0735788345336914,1.0534927928447724,True
43,False,raw_pair,5,5,True,1.0637247562408447,1.0534927928447724,True
43,False,clean_residual_pair,5,0,True,0.9546965956687927,0.968877802491188,False
43,False,clean_residual_pair,5,1,True,0.7032529711723328,0.968877802491188,False
43,False,clean_residual_pair,5,2,True,0.7032529711723328,0.968877802491188,False
43,False,clean_residual_pair,5,3,True,0.5957981944084167,0.968877802491188,False
43,False,clean_residual_pair,5,4,True,0.9613948464393616,0.968877802491188,False
43,False,clean_residual_pair,5,5,True,0.9613948464393616,0.968877802491188,False
43,False,margin_pair,5,0,True,0.26227062940597534,0.3462642428278923,False
43,False,margin_pair,5,1,True,0.1829819679260254,0.3462642428278923,False
43,False,margin_pair,5,2,True,0.27153581380844116,0.3462642428278923,False
43,False,margin_pair,5,3,True,0.260934442281723,0.3462642428278923,False
43,False,margin_pair,5,4,True,0.22664034366607666,0.3462642428278923,False
43,False,margin_pair,5,5,True,0.27153581380844116,0.3462642428278923,False
43,False,margin_bn_pair,5,0,True,0.27301108837127686,0.5804598900675774,False
43,False,margin_bn_pair,5,1,True,0.4696286916732788,0.5804598900675774,False
43,False,margin_bn_pair,5,2,True,0.3589506447315216,0.5804598900675774,False
43,False,margin_bn_pair,5,3,True,0.4696287214756012,0.5804598900675774,False
43,False,margin_bn_pair,5,4,True,0.2799287736415863,0.5804598900675774,False
43,False,margin_bn_pair,5,5,True,0.2799287736415863,0.5804598900675774,False
43,False,representation_pair,5,0,True,0.06980101019144058,0.10966391853988171,False
43,False,representation_pair,5,1,True,0.0725075751543045,0.10966391853988171,False
43,False,representation_pair,5,2,True,0.06980101019144058,0.10966391853988171,False
43,False,representation_pair,5,3,True,0.005196245387196541,0.10966391853988171,False
43,False,representation_pair,5,4,True,0.0,0.10966391853988171,False
43,False,representation_pair,5,5,True,0.0725075751543045,0.10966391853988171,False
43,False,representation_bn_pair,5,0,True,0.0,1e-12,False
43,False,representation_bn_pair,5,1,True,0.0,1e-12,False
43,False,representation_bn_pair,5,2,True,0.0,1e-12,False
43,False,representation_bn_pair,5,3,True,0.0,1e-12,False
43,False,representation_bn_pair,5,4,True,0.0,1e-12,False
43,False,representation_bn_pair,5,5,True,0.0,1e-12,False
43,False,margin_magnitude,5,0,False,4.962846279144287,4.420525388717651,True
43,False,margin_magnitude,5,1,False,4.962846279144287,4.420525388717651,True
43,False,margin_magnitude,5,2,False,4.962846279144287,4.420525388717651,True
43,False,margin_magnitude,5,3,False,4.962846279144287,4.420525388717651,True
43,False,margin_magnitude,5,4,False,4.962846279144287,4.420525388717651,True
43,False,margin_magnitude,5,5,False,4.962846279144287,4.420525388717651,True
43,False,representation_magnitude,5,0,False,0.01789874956011772,0.01701650654897094,True
43,False,representation_magnitude,5,1,False,0.01789874956011772,0.01701650654897094,True
43,False,representation_magnitude,5,2,False,0.01789874956011772,0.01701650654897094,True
43,False,representation_magnitude,5,3,False,0.01789874956011772,0.01701650654897094,True
43,False,representation_magnitude,5,4,False,0.01789874956011772,0.01701650654897094,True
43,False,representation_magnitude,5,5,False,0.01789874956011772,0.01701650654897094,True
44,False,raw_pair,5,0,True,1.1234805583953857,1.0534927928447724,True
44,False,raw_pair,5,1,True,0.9270135164260864,1.0534927928447724,False
44,False,raw_pair,5,2,True,0.9270135164260864,1.0534927928447724,False
44,False,raw_pair,5,3,True,0.7954851388931274,1.0534927928447724,False
44,False,raw_pair,5,4,True,1.1346451044082642,1.0534927928447724,True
44,False,raw_pair,5,5,True,1.1346451044082642,1.0534927928447724,True
44,False,clean_residual_pair,5,0,True,1.035104513168335,0.968877802491188,True
44,False,clean_residual_pair,5,1,True,0.895283579826355,0.968877802491188,False
44,False,clean_residual_pair,5,2,True,0.895283579826355,0.968877802491188,False
44,False,clean_residual_pair,5,3,True,0.7766903042793274,0.968877802491188,False
44,False,clean_residual_pair,5,4,True,1.0351046323776245,0.968877802491188,True
44,False,clean_residual_pair,5,5,True,1.031803846359253,0.968877802491188,True
44,False,margin_pair,5,0,True,0.3887607157230377,0.3462642428278923,True
44,False,margin_pair,5,1,True,0.3887607157230377,0.3462642428278923,True
44,False,margin_pair,5,2,True,0.31415024399757385,0.3462642428278923,False
44,False,margin_pair,5,3,True,0.25863736867904663,0.3462642428278923,False
44,False,margin_pair,5,4,True,0.2890602946281433,0.3462642428278923,False
44,False,margin_pair,5,5,True,0.28547403216362,0.3462642428278923,False
44,False,margin_bn_pair,5,0,True,0.3440086245536804,0.5804598900675774,False
44,False,margin_bn_pair,5,1,True,0.37370628118515015,0.5804598900675774,False
44,False,margin_bn_pair,5,2,True,0.4457243084907532,0.5804598900675774,False
44,False,margin_bn_pair,5,3,True,0.4457242786884308,0.5804598900675774,False
44,False,margin_bn_pair,5,4,True,0.24463783204555511,0.5804598900675774,False
44,False,margin_bn_pair,5,5,True,0.2533055543899536,0.5804598900675774,False
44,False,representation_pair,5,0,True,0.1491084098815918,0.10966391853988171,True
44,False,representation_pair,5,1,True,0.1491084098815918,0.10966391853988171,True
44,False,representation_pair,5,2,True,0.11032266914844513,0.10966391853988171,True
44,False,representation_pair,5,3,True,0.0,0.10966391853988171,False
44,False,representation_pair,5,4,True,0.005204702261835337,0.10966391853988171,False
44,False,representation_pair,5,5,True,0.12728092074394226,0.10966391853988171,True
44,False,representation_bn_pair,5,0,True,0.022553524002432823,1e-12,True
44,False,representation_bn_pair,5,1,True,0.022553524002432823,1e-12,True
44,False,representation_bn_pair,5,2,True,0.004934017546474934,1e-12,True
44,False,representation_bn_pair,5,3,True,0.0,1e-12,False
44,False,representation_bn_pair,5,4,True,0.0,1e-12,False
44,False,representation_bn_pair,5,5,True,0.0,1e-12,False
44,False,margin_magnitude,5,0,False,4.648988246917725,4.420525388717651,True
44,False,margin_magnitude,5,1,False,4.648988246917725,4.420525388717651,True
44,False,margin_magnitude,5,2,False,4.648988246917725,4.420525388717651,True
44,False,margin_magnitude,5,3,False,4.648988246917725,4.420525388717651,True
44,False,margin_magnitude,5,4,False,4.648988246917725,4.420525388717651,True
44,False,margin_magnitude,5,5,False,4.648988246917725,4.420525388717651,True
44,False,representation_magnitude,5,0,False,0.01652120240032673,0.01701650654897094,False
44,False,representation_magnitude,5,1,False,0.01652120240032673,0.01701650654897094,False
44,False,representation_magnitude,5,2,False,0.01652120240032673,0.01701650654897094,False
44,False,representation_magnitude,5,3,False,0.01652120240032673,0.01701650654897094,False
44,False,representation_magnitude,5,4,False,0.01652120240032673,0.01701650654897094,False
44,False,representation_magnitude,5,5,False,0.01652120240032673,0.01701650654897094,False
42,True,raw_pair,5,0,True,0.9696056246757507,1.0534927928447724,False
42,True,raw_pair,5,1,True,0.6640826463699341,1.0534927928447724,False
42,True,raw_pair,5,2,True,0.6334463357925415,1.0534927928447724,False
42,True,raw_pair,5,3,True,0.5956411957740784,1.0534927928447724,False
42,True,raw_pair,5,4,True,0.9696055054664612,1.0534927928447724,False
42,True,raw_pair,5,5,True,0.9682745337486267,1.0534927928447724,False
42,True,clean_residual_pair,5,0,True,0.8143393993377686,0.968877802491188,False
42,True,clean_residual_pair,5,1,True,0.6534898281097412,0.968877802491188,False
42,True,clean_residual_pair,5,2,True,0.5919248461723328,0.968877802491188,False
42,True,clean_residual_pair,5,3,True,0.5825205445289612,0.968877802491188,False
42,True,clean_residual_pair,5,4,True,0.8143393993377686,0.968877802491188,False
42,True,clean_residual_pair,5,5,True,0.8101754784584045,0.968877802491188,False
42,True,margin_pair,5,0,True,0.3201298415660858,0.3462642428278923,False
42,True,margin_pair,5,1,True,0.3384486138820648,0.3462642428278923,False
42,True,margin_pair,5,2,True,0.25946083664894104,0.3462642428278923,False
42,True,margin_pair,5,3,True,0.2690155804157257,0.3462642428278923,False
42,True,margin_pair,5,4,True,0.1360578089952469,0.3462642428278923,False
42,True,margin_pair,5,5,True,0.3384486138820648,0.3462642428278923,False
42,True,margin_bn_pair,5,0,True,0.3812035024166107,0.5804598900675774,False
42,True,margin_bn_pair,5,1,True,0.4330005645751953,0.5804598900675774,False
42,True,margin_bn_pair,5,2,True,0.3952328562736511,0.5804598900675774,False
42,True,margin_bn_pair,5,3,True,0.4330005645751953,0.5804598900675774,False
42,True,margin_bn_pair,5,4,True,0.360996812582016,0.5804598900675774,False
42,True,margin_bn_pair,5,5,True,0.36290764808654785,0.5804598900675774,False
42,True,representation_pair,5,0,True,0.029445534572005272,0.10966391853988171,False
42,True,representation_pair,5,1,True,0.00978846661746502,0.10966391853988171,False
42,True,representation_pair,5,2,True,0.029445534572005272,0.10966391853988171,False
42,True,representation_pair,5,3,True,0.004492502193897963,0.10966391853988171,False
42,True,representation_pair,5,4,True,0.0,0.10966391853988171,False
42,True,representation_pair,5,5,True,0.02727694809436798,0.10966391853988171,False
42,True,representation_bn_pair,5,0,True,0.0,1e-12,False
42,True,representation_bn_pair,5,1,True,0.0,1e-12,False
42,True,representation_bn_pair,5,2,True,0.0,1e-12,False
42,True,representation_bn_pair,5,3,True,0.0,1e-12,False
42,True,representation_bn_pair,5,4,True,0.0,1e-12,False
42,True,representation_bn_pair,5,5,True,0.0,1e-12,False
42,True,margin_magnitude,5,0,False,5.068691730499268,4.420525388717651,True
42,True,margin_magnitude,5,1,False,5.068691730499268,4.420525388717651,True
42,True,margin_magnitude,5,2,False,5.068691730499268,4.420525388717651,True
42,True,margin_magnitude,5,3,False,5.068691730499268,4.420525388717651,True
42,True,margin_magnitude,5,4,False,5.068691730499268,4.420525388717651,True
42,True,margin_magnitude,5,5,False,5.068691730499268,4.420525388717651,True
42,True,representation_magnitude,5,0,False,0.015214377082884312,0.01701650654897094,False
42,True,representation_magnitude,5,1,False,0.015214377082884312,0.01701650654897094,False
42,True,representation_magnitude,5,2,False,0.015214377082884312,0.01701650654897094,False
42,True,representation_magnitude,5,3,False,0.015214377082884312,0.01701650654897094,False
42,True,representation_magnitude,5,4,False,0.015214377082884312,0.01701650654897094,False
42,True,representation_magnitude,5,5,False,0.015214377082884312,0.01701650654897094,False
43,True,raw_pair,5,0,True,1.1080117225646973,1.0534927928447724,True
43,True,raw_pair,5,1,True,0.8607387542724609,1.0534927928447724,False
43,True,raw_pair,5,2,True,0.8607387542724609,1.0534927928447724,False
43,True,raw_pair,5,3,True,0.664541482925415,1.0534927928447724,False
43,True,raw_pair,5,4,True,1.1080117225646973,1.0534927928447724,True
43,True,raw_pair,5,5,True,1.104792594909668,1.0534927928447724,True
43,True,clean_residual_pair,5,0,True,1.0246596336364746,0.968877802491188,True
43,True,clean_residual_pair,5,1,True,0.6843047142028809,0.968877802491188,False
43,True,clean_residual_pair,5,2,True,0.6843047142028809,0.968877802491188,False
43,True,clean_residual_pair,5,3,True,0.590796947479248,0.968877802491188,False
43,True,clean_residual_pair,5,4,True,1.0246596336364746,0.968877802491188,True
43,True,clean_residual_pair,5,5,True,1.0216238498687744,0.968877802491188,True
43,True,margin_pair,5,0,True,0.40737584233283997,0.3462642428278923,True
43,True,margin_pair,5,1,True,0.22490772604942322,0.3462642428278923,False
43,True,margin_pair,5,2,True,0.40737584233283997,0.3462642428278923,True
43,True,margin_pair,5,3,True,0.2873026132583618,0.3462642428278923,False
43,True,margin_pair,5,4,True,0.21970386803150177,0.3462642428278923,False
43,True,margin_pair,5,5,True,0.3960665166378021,0.3462642428278923,True
43,True,margin_bn_pair,5,0,True,0.24734948575496674,0.5804598900675774,False
43,True,margin_bn_pair,5,1,True,0.4667870104312897,0.5804598900675774,False
43,True,margin_bn_pair,5,2,True,0.44118914008140564,0.5804598900675774,False
43,True,margin_bn_pair,5,3,True,0.4667870104312897,0.5804598900675774,False
43,True,margin_bn_pair,5,4,True,0.22928301990032196,0.5804598900675774,False
43,True,margin_bn_pair,5,5,True,0.2611537277698517,0.5804598900675774,False
43,True,representation_pair,5,0,True,0.11993172019720078,0.10966391853988171,True
43,True,representation_pair,5,1,True,0.09373486042022705,0.10966391853988171,False
43,True,representation_pair,5,2,True,0.11993172019720078,0.10966391853988171,True
43,True,representation_pair,5,3,True,0.004913135431706905,0.10966391853988171,False
43,True,representation_pair,5,4,True,0.0,0.10966391853988171,False
43,True,representation_pair,5,5,True,0.11332423985004425,0.10966391853988171,True
43,True,representation_bn_pair,5,0,True,0.0,1e-12,False
43,True,representation_bn_pair,5,1,True,0.0,1e-12,False
43,True,representation_bn_pair,5,2,True,0.0,1e-12,False
43,True,representation_bn_pair,5,3,True,0.0,1e-12,False
43,True,representation_bn_pair,5,4,True,0.0,1e-12,False
43,True,representation_bn_pair,5,5,True,0.0,1e-12,False
43,True,margin_magnitude,5,0,False,4.795168876647949,4.420525388717651,True
43,True,margin_magnitude,5,1,False,4.795168876647949,4.420525388717651,True
43,True,margin_magnitude,5,2,False,4.795168876647949,4.420525388717651,True
43,True,margin_magnitude,5,3,False,4.795168876647949,4.420525388717651,True
43,True,margin_magnitude,5,4,False,4.795168876647949,4.420525388717651,True
43,True,margin_magnitude,5,5,False,4.795168876647949,4.420525388717651,True
43,True,representation_magnitude,5,0,False,0.017029382288455963,0.01701650654897094,True
43,True,representation_magnitude,5,1,False,0.017029382288455963,0.01701650654897094,True
43,True,representation_magnitude,5,2,False,0.017029382288455963,0.01701650654897094,True
43,True,representation_magnitude,5,3,False,0.017029382288455963,0.01701650654897094,True
43,True,representation_magnitude,5,4,False,0.017029382288455963,0.01701650654897094,True
43,True,representation_magnitude,5,5,False,0.017029382288455963,0.01701650654897094,True
44,True,raw_pair,5,0,True,1.1457884311676025,1.0534927928447724,True
44,True,raw_pair,5,1,True,0.9274566769599915,1.0534927928447724,False
44,True,raw_pair,5,2,True,0.9274566769599915,1.0534927928447724,False
44,True,raw_pair,5,3,True,0.8080976009368896,1.0534927928447724,False
44,True,raw_pair,5,4,True,1.147842526435852,1.0534927928447724,True
44,True,raw_pair,5,5,True,1.147842526435852,1.0534927928447724,True
44,True,clean_residual_pair,5,0,True,0.9982610940933228,0.968877802491188,True
44,True,clean_residual_pair,5,1,True,0.9410439133644104,0.968877802491188,False
44,True,clean_residual_pair,5,2,True,0.9410439133644104,0.968877802491188,False
44,True,clean_residual_pair,5,3,True,0.732323944568634,0.968877802491188,False
44,True,clean_residual_pair,5,4,True,0.9982610940933228,0.968877802491188,True
44,True,clean_residual_pair,5,5,True,0.9944807291030884,0.968877802491188,True
44,True,margin_pair,5,0,True,0.3405911922454834,0.3462642428278923,False
44,True,margin_pair,5,1,True,0.30045729875564575,0.3462642428278923,False
44,True,margin_pair,5,2,True,0.3405911922454834,0.3462642428278923,False
44,True,margin_pair,5,3,True,0.28234249353408813,0.3462642428278923,False
44,True,margin_pair,5,4,True,0.2937872111797333,0.3462642428278923,False
44,True,margin_pair,5,5,True,0.32908591628074646,0.3462642428278923,False
44,True,margin_bn_pair,5,0,True,0.2927914559841156,0.5804598900675774,False
44,True,margin_bn_pair,5,1,True,0.3539082109928131,0.5804598900675774,False
44,True,margin_bn_pair,5,2,True,0.38623684644699097,0.5804598900675774,False
44,True,margin_bn_pair,5,3,True,0.38623684644699097,0.5804598900675774,False
44,True,margin_bn_pair,5,4,True,0.23603104054927826,0.5804598900675774,False
44,True,margin_bn_pair,5,5,True,0.28289175033569336,0.5804598900675774,False
44,True,representation_pair,5,0,True,0.14298301935195923,0.10966391853988171,True
44,True,representation_pair,5,1,True,0.14298301935195923,0.10966391853988171,True
44,True,representation_pair,5,2,True,0.11683265119791031,0.10966391853988171,True
44,True,representation_pair,5,3,True,0.004668573383241892,0.10966391853988171,False
44,True,representation_pair,5,4,True,0.005497685167938471,0.10966391853988171,False
44,True,representation_pair,5,5,True,0.14203205704689026,0.10966391853988171,True
44,True,representation_bn_pair,5,0,True,0.005280839279294014,1e-12,True
44,True,representation_bn_pair,5,1,True,0.005346224177628756,1e-12,True
44,True,representation_bn_pair,5,2,True,0.0,1e-12,False
44,True,representation_bn_pair,5,3,True,0.0,1e-12,False
44,True,representation_bn_pair,5,4,True,0.0,1e-12,False
44,True,representation_bn_pair,5,5,True,0.005346224643290043,1e-12,True
44,True,margin_magnitude,5,0,False,4.605312824249268,4.420525388717651,True
44,True,margin_magnitude,5,1,False,4.605312824249268,4.420525388717651,True
44,True,margin_magnitude,5,2,False,4.605312824249268,4.420525388717651,True
44,True,margin_magnitude,5,3,False,4.605312824249268,4.420525388717651,True
44,True,margin_magnitude,5,4,False,4.605312824249268,4.420525388717651,True
44,True,margin_magnitude,5,5,False,4.605312824249268,4.420525388717651,True
44,True,representation_magnitude,5,0,False,0.016631213948130608,0.01701650654897094,False
44,True,representation_magnitude,5,1,False,0.016631213948130608,0.01701650654897094,False
44,True,representation_magnitude,5,2,False,0.016631213948130608,0.01701650654897094,False
44,True,representation_magnitude,5,3,False,0.016631213948130608,0.01701650654897094,False
44,True,representation_magnitude,5,4,False,0.016631213948130608,0.01701650654897094,False
44,True,representation_magnitude,5,5,False,0.016631213948130608,0.01701650654897094,False
