seed,benign,arm,acc,asr,deleted_data_loss,status,rank,alarm,wall_seconds,detect_basis_seconds,projection_seconds,guard_seconds,observation_seconds,diagnostic_fu_runs
42,False,detected,85.4,100.0,0.7597934405732752,no_alarm,0,False,811.1474305999,0.002330099930986762,0.012344601098448038,0.0,7.115917100803927,0
42,False,none,85.4,100.0,0.7597934405732752,none,0,,811.1606238998938,0.0006648998241871595,0.012416300363838673,0.0,7.1020054994151,0
42,False,oracle,85.31,100.0,0.6762606761745437,oracle_diagnostic,1,,826.3737690001726,0.032694000052288175,0.027715299976989627,14.63515679910779,7.191255199257284,0
43,False,detected,85.94,100.0,0.8835333242753528,detected,2,True,819.9043739000335,0.015987700084224343,0.03047539945691824,13.833077400689945,6.561616199789569,0
43,False,none,86.08,100.0,0.8709636749123478,none,0,,806.5433698999695,0.0008209999650716782,0.012830299558117986,0.0,6.761333900038153,0
43,False,oracle,85.78,100.0,0.786927386151598,oracle_diagnostic,1,,820.2212066000793,0.007167099975049496,0.023976999102160335,13.917295600054786,6.673935300204903,0
44,False,detected,87.95,100.0,0.845577942712409,detected,2,True,820.5489796998445,0.01202309993095696,0.025944601045921445,13.892470500431955,6.6741633012425154,0
44,False,none,87.96,100.0,0.8518593796452629,none,0,,806.1533365999348,0.0008175999391824007,0.014233198948204517,0.0,6.739152599358931,0
44,False,oracle,88.11,100.0,0.756330697430752,oracle_diagnostic,1,,820.6190167001914,0.0067164001520723104,0.0232789006549865,13.870745999971405,6.744986699195579,0
42,True,detected,85.18,1.4444444444444444,0.06127196677533389,no_alarm,0,False,804.9881148000713,0.0038578000385314226,0.012584100011736155,0.0,6.811110000126064,0
42,True,none,85.18,1.4444444444444444,0.06127196677533389,none,0,,805.2058765001129,0.0006830000784248114,0.012297500157728791,0.0,6.641228899825364,0
43,True,detected,86.08,1.9111111111111112,0.057052507189652636,detected,2,True,818.6644791997969,0.009887199848890305,0.02670800033956766,14.021026700502262,6.806274499744177,0
43,True,none,86.28,1.8333333333333333,0.05302592342284339,none,0,,805.0501541001722,0.0007303000893443823,0.01201389916241169,0.0,6.782895299838856,0
44,True,detected,88.22,1.9444444444444444,0.04826184731105576,detected,2,True,820.5531714002136,0.01384440017864108,0.024792399257421494,14.165472000371665,6.792097400408238,0
44,True,none,88.44,1.7777777777777777,0.04731102833750209,none,0,,806.448865900049,0.0007134999614208937,0.013266699621453881,0.0,6.852434600703418,0
