seed,benign,arm,acc,asr,deleted_data_loss,status,rank,alarm,wall_seconds,detect_basis_seconds,projection_seconds,guard_seconds,diagnostic_fu_runs
42,False,detected,85.4,100.0,0.7597934405732752,no_alarm,0,False,803.5261685000733,0.0031892999541014433,0.013387201819568872,0.0,0
42,False,none,85.4,100.0,0.7597934405732752,none,0,,803.9614675000776,0.002353600226342678,0.01215789932757616,0.0,0
42,False,oracle,85.31,100.0,0.6762606761745437,oracle_diagnostic,1,,818.7713202999439,0.005199600011110306,0.03256179951131344,14.555420100223273,0
42,False,random,85.16,100.0,0.7549622480575021,matched_random,1,,814.872956499923,0.010860899928957224,0.02762229973450303,13.99283210048452,0
42,False,retrain,83.51,99.96666666666667,0.818858231862677,retrain,0,,3743.8046775001567,0.0007401001639664173,0.012415398843586445,0.0,0
42,False,zero,85.4,100.0,0.7597934405732752,oracle_diagnostic,1,,804.5780455998611,0.07766409986652434,0.013624099548906088,0.0,0
42,True,detected,85.18,1.4444444444444444,0.06127196677533389,no_alarm,0,False,799.4737515999004,0.0023600999265909195,0.013039899989962578,0.0,0
42,True,none,85.18,1.4444444444444444,0.06127196677533389,none,0,,799.5536050000228,0.0008195999544113874,0.013060201657935977,0.0,0
42,True,retrain,83.61,1.4333333333333333,0.07291793990524963,retrain,0,,3740.5483968998305,0.0006944998167455196,0.011467200005427003,0.0,0
42,True,zero,85.18,1.4444444444444444,0.06127196677533389,oracle_no_retained_attacker,0,,799.7286195999477,0.0008539000991731882,0.013465399388223886,0.0,0
